region,house_price
Los Angeles,500000.0
Los Angeles,531275.9924222663
Los Angeles,558781.8720848667
Los Angeles,586091.2708243759
Los Angeles,611808.4084351894
Los Angeles,642547.725173122
Los Angeles,670435.2120435016
Los Angeles,704827.0654287797
Los Angeles,741297.0886148254
Los Angeles,774055.024533783
Los Angeles,808355.4659363602
Los Angeles,853584.2360061537
Los Angeles,895999.148035005
Los Angeles,936894.0032904308
Los Angeles,981886.1719465047
Los Angeles,1025927.5101102969
Los Angeles,1076887.967712502
Los Angeles,1134890.5076364495
Los Angeles,1191496.6796803009
Los Angeles,1262889.6808826928
Los Angeles,1328140.9627670725
Los Angeles,1395697.7831446372
Los Angeles,1460941.1616470402
Los Angeles,1532795.552495179
Los Angeles,1605540.2609047696
Los Angeles,1674989.0478079875
Los Angeles,1763609.8113090312
Los Angeles,1849233.0490967317
Los Angeles,1937892.7011799018
Los Angeles,2035840.1864086892
Los Angeles,2140194.6934902314
Los Angeles,2245600.5540002114
Los Angeles,2357867.5733621772
Los Angeles,2479491.889066858
Los Angeles,2601665.5155471517
Los Angeles,2733260.460033326
Los Angeles,2861627.2599430466
Los Angeles,2998502.02794806
Los Angeles,3151454.828235865
Los Angeles,3302559.776451822
Los Angeles,3468858.4530099793
Los Angeles,3641566.381749493
Los Angeles,3821822.3645243663
Los Angeles,4008771.168905746
Los Angeles,4213756.427441561
Los Angeles,4433093.704586238
Los Angeles,4656249.35062855
Los Angeles,4890674.271738342
Los Angeles,5131796.332175972
Los Angeles,5382405.662625649
Los Angeles,5651327.251232901
Los Angeles,5929024.865554756
Los Angeles,6216613.058190914
Los Angeles,6531460.940162288
Los Angeles,6862294.821111662
Los Angeles,7201115.36830248
Los Angeles,7562390.958324
Los Angeles,7945520.267579159
Los Angeles,8343821.414393426
Los Angeles,8755046.711882604
Los Angeles,9191634.58041055
Los Angeles,9657850.356531288
Los Angeles,10141978.007575879
Los Angeles,10651772.568470586
Los Angeles,11186069.342990963
Los Angeles,11741095.25335062
Los Angeles,12325045.789921736
Los Angeles,12942992.405203082
Los Angeles,13594226.384363338
Los Angeles,14279437.228336096
Los Angeles,14989118.56202906
Los Angeles,15740740.0928039
Los Angeles,16533712.31800269
Los Angeles,17355462.525051385
Los Angeles,18230669.386982955
Los Angeles,19150397.560468826
Los Angeles,20121042.87019038
Los Angeles,21128249.680904046
Los Angeles,22185844.288330562
Los Angeles,23299271.47469268
Los Angeles,24468224.06179256
Los Angeles,25697267.099187165
Los Angeles,26986050.62004885
Los Angeles,28334822.841506105
Los Angeles,29757673.96918628
Los Angeles,31240201.396897133
Los Angeles,32802240.72842562
Los Angeles,34450171.442927144
Los Angeles,36166428.7825829
Los Angeles,37971362.84342706
Los Angeles,39873289.7220538
Los Angeles,41868923.76802268
Los Angeles,43957994.829385534
Los Angeles,46153813.600841165
Los Angeles,48455600.370569974
Los Angeles,50883282.81409608
Los Angeles,53426167.54801253
Los Angeles,56106436.70496696
Los Angeles,58912164.04143551
Los Angeles,61856673.54199027
Los Angeles,64947923.11028333
Los Angeles,68194098.26662153
Los Angeles,71604357.28542827
Los Angeles,75197137.18758258
Los Angeles,78955299.74861121
Los Angeles,82901532.96873792
Los Angeles,87046937.58640324
Los Angeles,91404735.83825512
Los Angeles,95967867.70736252
Los Angeles,100768536.55641519
Los Angeles,105802876.25835584
Los Angeles,111095786.4347184
Los Angeles,116648106.95674251
Los Angeles,122468991.79288086
Los Angeles,128594289.27053834
Los Angeles,135025809.457917
Los Angeles,141774204.52927047
Los Angeles,148859723.03643328
Los Angeles,156296152.32462952
Los Angeles,164114825.4405687
Los Angeles,172324977.79150948
Los Angeles,180936831.42665908
Los Angeles,189980973.32569435
Los Angeles,199479705.5463734
Los Angeles,209465045.15009725
Los Angeles,219941023.01634008
Los Angeles,230933357.08958206
Los Angeles,242481543.84560862
Los Angeles,254598737.58018586
Los Angeles,267332264.41074476
Los Angeles,280707255.3682498
Los Angeles,294751017.0950877
Los Angeles,309492242.4173595
Los Angeles,324963937.4764481
Los Angeles,341205629.84148794
Los Angeles,358258910.30834556
Los Angeles,376157824.7382153
Los Angeles,394969185.2539411
Los Angeles,414717130.3390371
Los Angeles,435457532.9368212
Los Angeles,457237549.7410885
Los Angeles,480099926.7558625
Los Angeles,504105652.9017042
Los Angeles,529308613.9450669
Los Angeles,555772314.2202344
Los Angeles,583564572.2808086
Los Angeles,612741929.0196972
Los Angeles,643377430.4323483
Los Angeles,675546210.3696685
Los Angeles,709327952.5391322
Los Angeles,744790886.8582997
Los Angeles,782030098.558627
Los Angeles,821132829.8757473
Los Angeles,862195272.4790527
Los Angeles,905303839.6191213
Los Angeles,950565442.4831471
Los Angeles,998091292.8025832
Los Angeles,1048001122.7298775
Los Angeles,1100411345.3928645
Los Angeles,1155425343.8734393
Los Angeles,1213191134.559036
Los Angeles,1273849847.3030543
Los Angeles,1337542894.4486876
Los Angeles,1404423974.0189497
Los Angeles,1474640717.0548542
Los Angeles,1548367437.3624136
Los Angeles,1625786499.6663
Los Angeles,1707074532.646014
Los Angeles,1792432892.8833036
Los Angeles,1882056974.326485
Los Angeles,1976162599.9395473
Los Angeles,2074970207.529793
Los Angeles,2178730495.8075757
Los Angeles,2287662831.858047
Los Angeles,2402049027.5001183
Los Angeles,2522145130.425189
Los Angeles,2648247019.60806
Los Angeles,2780656333.860469
Los Angeles,2919697297.1701756
Los Angeles,3065683481.500837
Los Angeles,3218964703.185536
Los Angeles,3379914810.5264425
Los Angeles,3548910726.792172
Los Angeles,3726353803.264935
Los Angeles,3912664510.283903
Los Angeles,4108304928.510521
Los Angeles,4313721224.026691
Los Angeles,4529418153.919893
Los Angeles,4755893763.223991
Los Angeles,4993691207.983815
Los Angeles,5243373592.361363
Los Angeles,5505536795.251613
Los Angeles,5780812546.359271
Los Angeles,6069847552.214264
Los Angeles,6373343180.77688
Los Angeles,6692018503.078213
Los Angeles,7026618123.670793
Los Angeles,7377953752.309195
Los Angeles,7746847993.779304
Los Angeles,8134188881.134078
Los Angeles,8540894250.37086
Los Angeles,8967928297.22423
Los Angeles,9416324529.418692
Los Angeles,9887141398.148315
Los Angeles,10381503797.360725
Los Angeles,10900582964.420025
Los Angeles,11445616157.405523
Los Angeles,12017892095.094685
Los Angeles,12618788997.335949
Los Angeles,13249736360.172575
Los Angeles,13912225077.520458
Los Angeles,14607845474.364548
Los Angeles,15338247842.91333
Los Angeles,16105158892.717648
Los Angeles,16910413352.654806
Los Angeles,17755930212.976723
Los Angeles,18643719142.94646
Los Angeles,19575902508.07929
Los Angeles,20554703671.8105
Los Angeles,21582427835.21315
Los Angeles,22661544039.706806
Los Angeles,23794620606.03494
Los Angeles,24984347250.410683
Los Angeles,26233561976.501495
Los Angeles,27545237513.6782
Los Angeles,28922498101.66101
Los Angeles,30368619359.470585
Los Angeles,31887046271.378044
Los Angeles,33481403256.495678
Los Angeles,35155478667.591354
Los Angeles,36913245698.254196
Los Angeles,38758894185.17991
Los Angeles,40696844211.31315
Los Angeles,42731680277.87672
Los Angeles,44868265355.49474
Los Angeles,47111670794.91012
Los Angeles,49467260823.43055
Los Angeles,51940636582.94156
Los Angeles,54537669326.123184
Los Angeles,57264552321.9161
Los Angeles,60127778327.31403
Los Angeles,63134171152.6763
Los Angeles,66290882548.74387
Los Angeles,69605431693.67334
Los Angeles,73085700138.7744
Los Angeles,76739986846.30165
Los Angeles,80576983476.2764
Los Angeles,84605827361.51198
Los Angeles,88836118524.51048
Los Angeles,93277919838.17236
Los Angeles,97941821698.71597
Los Angeles,102838908474.0499
Los Angeles,107980855715.4821
Los Angeles,113379895484.14471
Los Angeles,119048891643.66571
Los Angeles,125001333605.86613
Los Angeles,131251394000.10307
Los Angeles,137813966118.97195
Los Angeles,144704663247.84247
Los Angeles,151939897840.1593
Los Angeles,159536890587.95258
Los Angeles,167513728477.66766
Los Angeles,175889420317.44403
Los Angeles,184683895017.10504
Los Angeles,193918086933.15543
Los Angeles,203613991628.70926
Los Angeles,213794696420.24216
Los Angeles,224484428956.0626
Los Angeles,235708648894.4432
Los Angeles,247494082557.32788
Los Angeles,259868784389.73895
Los Angeles,272862227894.6859
Los Angeles,286505338444.9163
Los Angeles,300830601446.9828
Los Angeles,315872134562.5261
Los Angeles,331665735579.9992
Los Angeles,348249032433.392
Los Angeles,365661491967.54346
Los Angeles,383944569133.398
Los Angeles,403141799736.723
Los Angeles,423298891635.7663
Los Angeles,444463833772.0807
Los Angeles,466687026947.233
Los Angeles,490021373678.93164
Los Angeles,514522444881.97034
Los Angeles,540248571465.3036
Los Angeles,567260998148.1383
Los Angeles,595624045080.0364
Los Angeles,625405241271.6531
Los Angeles,656675510625.0118
Los Angeles,689509283577.9423
Los Angeles,723984746763.1442
Los Angeles,760183985602.0793
Los Angeles,798193186293.2216
Los Angeles,838102849340.6832
Los Angeles,880007989911.0677
Los Angeles,924008383713.2815
Los Angeles,970208796330.619
Los Angeles,1018719233250.8739
Los Angeles,1069655190154.1653
Los Angeles,1123137948143.79
Los Angeles,1179294852088.8735
Los Angeles,1238259592806.9263
Los Angeles,1300172570559.0183
Los Angeles,1365181199004.9753
Los Angeles,1433440256927.099
Los Angeles,1505112269436.4978
Los Angeles,1580367885612.669
Los Angeles,1659386284317.0579
Los Angeles,1742355603548.9768
Los Angeles,1829473394010.6868
Los Angeles,1920947066558.0183
Los Angeles,2016994431058.3137
Los Angeles,2117844148728.8206
Los Angeles,2223736366621.686
Los Angeles,2334923183050.89
Los Angeles,2451669340793.34
Los Angeles,2574252807233.644
Los Angeles,2702965446502.2227
Los Angeles,2838113719256.536
Los Angeles,2980019402319.223
Los Angeles,3129020376584.9956
Los Angeles,3285471392650.0703
Los Angeles,3449744965560.6255
Los Angeles,3622232221477.275
Los Angeles,3803343830765.627
Los Angeles,3993511026275.8257
Los Angeles,4193186580385.4136
Los Angeles,4402845920669.119
Los Angeles,4622988214178.423
Los Angeles,4854137628862.702
Los Angeles,5096844502175.782
Los Angeles,5351686724805.279
Los Angeles,5619271062812.508
Los Angeles,5900234622918.934
Los Angeles,6195246347935.214
Los Angeles,6505008669262.428
Los Angeles,6830259102409.433
Los Angeles,7171772049922.266
Los Angeles,7530360653326.313
Los Angeles,7906878694538.437
Los Angeles,8302222623663.245
Los Angeles,8717333754296.72
Los Angeles,9153200437078.361
Los Angeles,9610860456589.365
Los Angeles,10091403486579.686
Los Angeles,10595973659551.047
Los Angeles,11125772349536.428
Los Angeles,11682060972558.52
Los Angeles,12266164019372.756
Los Angeles,12879472217828.396
Los Angeles,13523445824239.822
Los Angeles,14199618110797.408
Los Angeles,14909599018103.316
Los Angeles,15655078968909.557
Los Angeles,16437832914237.008
Los Angeles,17259724552205.045
Los Angeles,18122710780346.19
Los Angeles,19028846317015.74
Los Angeles,19980288631890.04
Los Angeles,20979303065007.85
Los Angeles,22028268205749.23
Los Angeles,23129681608370.32
Los Angeles,24286165700271.05
Los Angeles,25500473982751.555
Los Angeles,26775497669301.97
Los Angeles,28114272545517.37
Los Angeles,29519986185215.58
Los Angeles,30995985490961.37
Los Angeles,32545784771304.52
Los Angeles,34173074010475.336
Los Angeles,35881727708574.266
Los Angeles,37675814097880.21
Los Angeles,39559604790852.445
Los Angeles,41537585023189.41
Los Angeles,43614464271887.12
Los Angeles,45795187478766.95
Los Angeles,48084946849801.414
Los Angeles,50489194196560.05
Los Angeles,53013653907048.74
Los Angeles,55664336609054.266
Los Angeles,58447553440483.86
Los Angeles,61369931117470.36
Los Angeles,64438427673023.53
Los Angeles,67660349053723.336
Los Angeles,71043366513812.34
Los Angeles,74595534835956.22
Los Angeles,78325311579473.25
Los Angeles,82241577162291.4
Los Angeles,86353656024613.45
Los Angeles,90671338820016.9
Los Angeles,95204905766277.5
Los Angeles,99965151049696.6
Los Angeles,104963408606234.94
Los Angeles,110211579039222.56
Los Angeles,115722157995276.86
Los Angeles,121508265889015.69
Los Angeles,127583679186406.14
Los Angeles,133962863151154.42
Los Angeles,140661006309679.14
Los Angeles,147694056621070.0
Los Angeles,155078759456722.25
Los Angeles,162832697430127.97
Los Angeles,170974332293262.16
Los Angeles,179523048903444.34
Los Angeles,188499201345985.1
Los Angeles,197924161420813.44
Los Angeles,207820369498505.03
Los Angeles,218211387980065.12
Los Angeles,229121957380230.22
Los Angeles,240578055253809.72
Los Angeles,252606958010796.3
Los Angeles,265237305911370.12
Los Angeles,278499171209196.8
Los Angeles,292424129764282.2
Los Angeles,307045336253545.9
Los Angeles,322397603074656.4
Los Angeles,338517483231183.06
Los Angeles,355443357397330.0
Los Angeles,373215525254934.44
Los Angeles,391876301525471.06
Los Angeles,411470116600814.0
Los Angeles,432043622427011.25
Los Angeles,453645803547488.6
Los Angeles,476328093717437.94
Los Angeles,500144498408549.56
Los Angeles,525151723327300.06
Los Angeles,551409309489971.94
Los Angeles,578979774963630.2
Los Angeles,607928763717401.9
Los Angeles,638325201903929.2
Los Angeles,670241461992077.2
Los Angeles,703753535094006.0
Los Angeles,738941211844061.5
Los Angeles,775888272425484.1
Los Angeles,814682686054238.4
Los Angeles,855416820359236.5
Los Angeles,898187661376807.0
Los Angeles,943097044443919.4
Los Angeles,990251896673100.8
Los Angeles,1039764491522191.6
Los Angeles,1091752716100545.1
Los Angeles,1146340351900424.2
Los Angeles,1203657369494673.2
Los Angeles,1263840237971559.8
Los Angeles,1327032249858390.0
Los Angeles,1393383862352982.0
Los Angeles,1463053055472813.5
Los Angeles,1536205708253086.0
Los Angeles,1613015993671850.8
Los Angeles,1693666793355999.0
Los Angeles,1778350133031372.2
Los Angeles,1867267639693119.5
Los Angeles,1960631021677915.2
Los Angeles,2058662572763902.0
Los Angeles,2161595701393260.8
Los Angeles,2269675486455669.0
Los Angeles,2383159260774261.5
Los Angeles,2502317223810756.5
Los Angeles,2627433084995814.0
Los Angeles,2758804739245425.0
Los Angeles,2896744976205628.0
Los Angeles,3041582225021264.0
Los Angeles,3193661336269953.5
Los Angeles,3353344403072018.0
Los Angeles,3521011623226248.0
Los Angeles,3697062204387489.5
Los Angeles,3881915314602554.0
Los Angeles,4076011080333157.0
Los Angeles,4279811634344438.5
Los Angeles,4493802216063309.5
Los Angeles,4718492326879640.0
Los Angeles,4954416943214594.0
Los Angeles,5202137790372743.0
Los Angeles,5462244679887997.0
Los Angeles,5735356913880231.0
Los Angeles,6022124759579343.0
Los Angeles,6323230997561024.0
Los Angeles,6639392547443319.0
Los Angeles,6971362174815637.0
Los Angeles,7319930283549809.0
Los Angeles,7685926797721727.0
Los Angeles,8070223137611545.0
Los Angeles,8473734294492977.0
Los Angeles,8897421009223927.0
Los Angeles,9342292059686590.0
Los Angeles,9809406662665004.0
Los Angeles,1.0299876995795644e+16
Los Angeles,1.081487084558825e+16
Los Angeles,1.1355614387871214e+16
Los Angeles,1.1923395107269052e+16
Los Angeles,1.2519564862627264e+16
Los Angeles,1.3145543105752622e+16
Los Angeles,1.3802820261039304e+16
Los Angeles,1.449296127409847e+16
Los Angeles,1.5217609337799924e+16
Los Angeles,1.5978489804692194e+16
Los Angeles,1.677741429492908e+16
Los Angeles,1.7616285009679338e+16
Los Angeles,1.8497099260171628e+16
Los Angeles,1.942195422318802e+16
Los Angeles,2.039305193434445e+16
Los Angeles,2.1412704531051184e+16
Los Angeles,2.248333975760035e+16
Los Angeles,2.360750674548075e+16
Los Angeles,2.4787882082752984e+16
Los Angeles,2.6027276186900476e+16
Los Angeles,2.732863999624559e+16
Los Angeles,2.869507199606114e+16
Los Angeles,3.012982559586529e+16
Los Angeles,3.163631687565682e+16
Los Angeles,3.321813271943004e+16
Los Angeles,3.487903935540115e+16
Los Angeles,3.662299132318748e+16
Los Angeles,3.845414088934063e+16
Los Angeles,4.037684793379859e+16
Los Angeles,4.23956903304982e+16
Los Angeles,4.4515474847026824e+16
Los Angeles,4.67412485893791e+16
Los Angeles,4.907831101885488e+16
Los Angeles,5.1532226569793464e+16
Los Angeles,5.41088378982826e+16
Los Angeles,5.681427979320151e+16
Los Angeles,5.965499378287214e+16
Los Angeles,6.263774347200991e+16
Los Angeles,6.576963064561681e+16
Los Angeles,6.905811217789956e+16
Los Angeles,7.251101778679536e+16
Los Angeles,7.61365686761351e+16
Los Angeles,7.994339710993493e+16
Los Angeles,8.39405669654365e+16
Los Angeles,8.813759531370442e+16
Los Angeles,9.254447507938426e+16
Los Angeles,9.71716988333579e+16
Los Angeles,1.0203028377502976e+17
Los Angeles,1.0713179796378165e+17
Los Angeles,1.1248838786197613e+17
Los Angeles,1.1811280725508208e+17
Los Angeles,1.2401844761784274e+17
Los Angeles,1.3021936999873224e+17
Los Angeles,1.3673033849867394e+17
Los Angeles,1.4356685542360869e+17
Los Angeles,1.5074519819479776e+17
Los Angeles,1.5828245810453706e+17
Los Angeles,1.661965810097621e+17
Los Angeles,1.7450641006024717e+17
Los Angeles,1.8323173056326048e+17
Los Angeles,1.9239331709142586e+17
Los Angeles,2.0201298294599958e+17
Los Angeles,2.1211363209330134e+17
Los Angeles,2.227193136979698e+17
Los Angeles,2.3385527938286717e+17
Los Angeles,2.4554804335200618e+17
Los Angeles,2.578254455196017e+17
Los Angeles,2.7071671779558666e+17
Los Angeles,2.8425255368536835e+17
Los Angeles,2.984651813696275e+17
Los Angeles,3.133884404381144e+17
Los Angeles,3.290578624600296e+17
Los Angeles,3.4551075558302746e+17
Los Angeles,3.627862933621805e+17
Los Angeles,3.8092560803028717e+17
Los Angeles,3.999718884318047e+17
Los Angeles,4.199704828533891e+17
Los Angeles,4.4096900699605824e+17
Los Angeles,4.630174573458661e+17
Los Angeles,4.8616833021316563e+17
Los Angeles,5.1047674672382605e+17
Los Angeles,5.360005840600157e+17
Los Angeles,5.628006132630086e+17
Los Angeles,5.909406439261551e+17
Los Angeles,6.204876761224607e+17
Los Angeles,6.515120599285802e+17
Los Angeles,6.840876629250095e+17
Los Angeles,7.182920460712584e+17
Los Angeles,7.542066483748223e+17
Los Angeles,7.919169807935694e+17
Los Angeles,8.315128298332458e+17
Los Angeles,8.730884713249012e+17
Los Angeles,9.167428948911429e+17
Los Angeles,9.62580039635703e+17
Los Angeles,1.0107090416174916e+18
Los Angeles,1.0612444936983683e+18
Los Angeles,1.1143067183832932e+18
Los Angeles,1.1700220543024568e+18
Los Angeles,1.22852315701759e+18
Los Angeles,1.2899493148684736e+18
Los Angeles,1.3544467806118848e+18
Los Angeles,1.422169119642488e+18
Los Angeles,1.4932775756246088e+18
Los Angeles,1.5679414544058342e+18
Los Angeles,1.6463385271261286e+18
Los Angeles,1.7286554534824264e+18
Los Angeles,1.8150882261565443e+18
Los Angeles,1.9058426374643791e+18
Los Angeles,2.001134769337601e+18
Los Angeles,2.1011915078044854e+18
Los Angeles,2.2062510831947064e+18
Los Angeles,2.316563637354434e+18
Los Angeles,2.4323918192221594e+18
Los Angeles,2.554011410183272e+18
Los Angeles,2.68171198069244e+18
Los Angeles,2.815797579727063e+18
Los Angeles,2.9565874587134116e+18
Los Angeles,3.1044168316490947e+18
Los Angeles,3.259637673231552e+18
Los Angeles,3.4226195568931287e+18
Los Angeles,3.5937505347377843e+18
Los Angeles,3.773438061474674e+18
Los Angeles,3.962109964548413e+18
Los Angeles,4.1602154627758346e+18
Los Angeles,4.3682262359146307e+18
Sacramento,400000.0
Sacramento,416756.98843946605
Sacramento,432865.4985196928
Sacramento,453386.37042712246
Sacramento,474538.2554125763
Sacramento,492671.6150336036
Sacramento,508632.4448463765
Sacramento,530686.3872139337
Sacramento,552305.5860473041
Sacramento,571623.4509253425
Sacramento,590276.3865496722
Sacramento,615939.8212311314
Sacramento,643327.8893655152
Sacramento,667260.8443668616
Sacramento,691051.5929619715
Sacramento,714542.3807352645
Sacramento,745035.3506603998
Sacramento,770816.8793186122
Sacramento,812855.2273364604
Sacramento,843318.0292500638
Sacramento,864924.6790307034
Sacramento,899370.807858786
Sacramento,934980.4727740434
Sacramento,977938.2845226262
Sacramento,1018496.4470871697
Sacramento,1055067.1290534574
Sacramento,1095837.854848112
Sacramento,1141308.4679002916
Sacramento,1176137.2353647512
Sacramento,1229875.8334512936
Sacramento,1274915.0173603222
Sacramento,1332996.837159473
Sacramento,1388279.036351485
Sacramento,1446958.1684875141
Sacramento,1510583.612407021
Sacramento,1573872.6171667643
Sacramento,1640191.952935022
Sacramento,1704977.548850116
Sacramento,1775037.4942114812
Sacramento,1843101.5049050818
Sacramento,1915108.5096033453
Sacramento,2001536.3252273237
Sacramento,2077556.8103111645
Sacramento,2161430.6683567925
Sacramento,2248455.2402746417
Sacramento,2336839.677526723
Sacramento,2432885.2693106444
Sacramento,2533149.290546777
Sacramento,2629846.16625291
Sacramento,2735546.7964607594
Sacramento,2839556.831625328
Sacramento,2957081.8479819275
Sacramento,3076247.558453018
Sacramento,3199709.110224724
Sacramento,3330992.6313780746
Sacramento,3462854.785180856
Sacramento,3605939.0863841814
Sacramento,3745434.4254757683
Sacramento,3902311.185089272
Sacramento,4055649.076580069
Sacramento,4209394.144304794
Sacramento,4376127.235534673
Sacramento,4548962.483969788
Sacramento,4729240.61339783
Sacramento,4919568.478011164
Sacramento,5121840.428936052
Sacramento,5325755.516524009
Sacramento,5535327.649335875
Sacramento,5751108.021247892
Sacramento,5978811.428141262
Sacramento,6208524.761070661
Sacramento,6453240.086045906
Sacramento,6717589.958967053
Sacramento,6982176.761302844
Sacramento,7264607.411058959
Sacramento,7549059.297052275
Sacramento,7859877.148430919
Sacramento,8183460.26803348
Sacramento,8513753.78653762
Sacramento,8864260.201007342
Sacramento,9220609.573922275
Sacramento,9593276.542449912
Sacramento,9983317.273531567
Sacramento,10383548.556738323
Sacramento,10791128.611699931
Sacramento,11226718.572944101
Sacramento,11673428.017889699
Sacramento,12138377.48950051
Sacramento,12625402.063662924
Sacramento,13133249.550608028
Sacramento,13659330.205802381
Sacramento,14208882.061715264
Sacramento,14773703.058513574
Sacramento,15364437.6618805
Sacramento,15983260.595607975
Sacramento,16631454.97531448
Sacramento,17307345.352271926
Sacramento,18001804.049776442
Sacramento,18726076.26090123
Sacramento,19485027.207161356
Sacramento,20261074.115264144
Sacramento,21074665.57913827
Sacramento,21921493.917051233
Sacramento,22805592.980913665
Sacramento,23712130.99324753
Sacramento,24655919.20405843
Sacramento,25642262.883276295
Sacramento,26669842.036918957
Sacramento,27742250.038164385
Sacramento,28854527.758570023
Sacramento,30007951.802762274
Sacramento,31210352.18209655
Sacramento,32460271.491761785
Sacramento,33767407.433582194
Sacramento,35118932.02564333
Sacramento,36521773.8896013
Sacramento,37984892.89033572
Sacramento,39505281.03254584
Sacramento,41077637.3070693
Sacramento,42720664.53904396
Sacramento,44428987.42937869
Sacramento,46203427.56722494
Sacramento,48056742.58635206
Sacramento,49975083.89182308
Sacramento,51976365.34059363
Sacramento,54054680.66921815
Sacramento,56217406.37101511
Sacramento,58468161.55731095
Sacramento,60800350.14768393
Sacramento,63233322.45804996
Sacramento,65774100.09382053
Sacramento,68397280.28084396
Sacramento,71132883.45225914
Sacramento,73983814.98697363
Sacramento,76944675.68269235
Sacramento,80025902.54476063
Sacramento,83215060.3164956
Sacramento,86546653.97602858
Sacramento,90004711.69403856
Sacramento,93606449.54822302
Sacramento,97350560.3564974
Sacramento,101255974.43590312
Sacramento,105308946.88995807
Sacramento,109520741.64641008
Sacramento,113894022.84847021
Sacramento,118450389.49691826
Sacramento,123192521.22118673
Sacramento,128119819.31057511
Sacramento,133242083.80119844
Sacramento,138568904.21992713
Sacramento,144114336.0959015
Sacramento,149882706.4794341
Sacramento,155884820.78918806
Sacramento,162115238.62128952
Sacramento,168602478.0539332
Sacramento,175345968.65631846
Sacramento,182359346.23154804
Sacramento,189655729.21008015
Sacramento,197243996.65975147
Sacramento,205136400.36667052
Sacramento,213336569.02537638
Sacramento,221866282.7293556
Sacramento,230748363.37990743
Sacramento,239977195.05276632
Sacramento,249577812.9268671
Sacramento,259566198.77550203
Sacramento,269951163.9418839
Sacramento,280751943.1127142
Sacramento,291986493.72561896
Sacramento,303655370.1558392
Sacramento,315799135.211297
Sacramento,328433443.6487314
Sacramento,341577719.61621594
Sacramento,355241158.8786629
Sacramento,369446581.65150064
Sacramento,384220354.4873126
Sacramento,399593587.9728224
Sacramento,415576242.6238234
Sacramento,432199256.3285474
Sacramento,449490301.7326582
Sacramento,467455406.18355113
Sacramento,486163624.26845074
Sacramento,505606513.87001354
Sacramento,525831984.1066615
Sacramento,546856739.9858605
Sacramento,568728896.879743
Sacramento,591484276.1951646
Sacramento,615134066.4070729
Sacramento,639745060.0637918
Sacramento,665333493.9858623
Sacramento,691949269.5674978
Sacramento,719630527.9722652
Sacramento,748417956.1986533
Sacramento,778350349.6933414
Sacramento,809482540.9353424
Sacramento,841854534.7918699
Sacramento,875531175.1652027
Sacramento,910560932.4475809
Sacramento,946974247.5410508
Sacramento,984849409.2131622
Sacramento,1024242476.7053094
Sacramento,1065213042.4806403
Sacramento,1107825960.061373
Sacramento,1152138237.463926
Sacramento,1198222187.168851
Sacramento,1246156590.3091354
Sacramento,1296006163.8993363
Sacramento,1347849105.3451884
Sacramento,1401763632.137554
Sacramento,1457839093.1841106
Sacramento,1516149375.3645191
Sacramento,1576791386.9076889
Sacramento,1639866772.8889308
Sacramento,1705453318.624642
Sacramento,1773671912.267176
Sacramento,1844617205.9661016
Sacramento,1918394865.4310925
Sacramento,1995126003.7104378
Sacramento,2074930498.9783938
Sacramento,2157932888.753812
Sacramento,2244246939.5140085
Sacramento,2334022884.0015683
Sacramento,2427384115.2577686
Sacramento,2524486031.7915907
Sacramento,2625462450.6052103
Sacramento,2730480704.581478
Sacramento,2839701775.182754
Sacramento,2953288948.6377506
Sacramento,3071425271.703996
Sacramento,3194271244.7535295
Sacramento,3322054206.5713644
Sacramento,3454940663.707254
Sacramento,3593137422.596399
Sacramento,3736860157.891887
Sacramento,3886330232.1045055
Sacramento,4041786669.4660563
Sacramento,4203463111.1530423
Sacramento,4371600822.968523
Sacramento,4546470390.839329
Sacramento,4728324670.172668
Sacramento,4917452237.925325
Sacramento,5114159394.148365
Sacramento,5318728725.457368
Sacramento,5531484858.716672
Sacramento,5752739983.366797
Sacramento,5982844965.074511
Sacramento,6222156970.630894
Sacramento,6471039129.161922
Sacramento,6729884221.15445
Sacramento,6999075834.370344
Sacramento,7279033009.395868
Sacramento,7570195039.848765
Sacramento,7872996391.511837
Sacramento,8187907249.8526535
Sacramento,8515424206.132929
Sacramento,8856032428.27803
Sacramento,9210277601.806133
Sacramento,9578681729.20975
Sacramento,9961817795.009207
Sacramento,10360289037.826324
Sacramento,10774701322.311895
Sacramento,11205691832.57969
Sacramento,11653920365.961374
Sacramento,12120071884.036722
Sacramento,12604878324.704096
Sacramento,13109078258.384792
Sacramento,13633435359.909542
Sacramento,14178771869.27523
Sacramento,14745921371.846104
Sacramento,15335759328.627861
Sacramento,15949188677.154016
Sacramento,16587155884.851316
Sacramento,17250645329.32302
Sacramento,17940665573.230442
Sacramento,18658295883.025337
Sacramento,19404633424.01001
Sacramento,20180826931.64538
Sacramento,20988049292.074574
Sacramento,21827570349.24927
Sacramento,22700663337.71637
Sacramento,23608677695.906578
Sacramento,24553025524.20808
Sacramento,25535144549.41744
Sacramento,26556551830.6489
Sacramento,27618816334.513306
Sacramento,28723575227.373627
Sacramento,29872518506.0707
Sacramento,31067433863.091618
Sacramento,32310132749.66456
Sacramento,33602547272.046364
Sacramento,34946637498.73922
Sacramento,36344509747.38644
Sacramento,37798289233.47945
Sacramento,39310211061.08233
Sacramento,40882621606.251175
Sacramento,42517924955.72353
Sacramento,44218644854.21872
Sacramento,45987395703.76975
Sacramento,47826884086.16996
Sacramento,49739964524.21167
Sacramento,51729563137.57756
Sacramento,53798752427.28654
Sacramento,55950701498.636856
Sacramento,58188727206.537865
Sacramento,60516276430.06959
Sacramento,62936927996.57591
Sacramento,65454401802.51494
Sacramento,68072575393.09189
Sacramento,70795472274.4379
Sacramento,73627288992.18997
Sacramento,76572383933.42787
Sacramento,79635278603.99411
Sacramento,82820694793.48036
Sacramento,86133521658.07224
Sacramento,89578855366.80515
Sacramento,93162012567.85179
Sacramento,96888489702.45016
Sacramento,100764028123.71173
Sacramento,104794595436.52045
Sacramento,108986373449.62897
Sacramento,113345829211.33307
Sacramento,117879662177.19464
Sacramento,122594852168.911
Sacramento,127498650531.43427
Sacramento,132598597871.88666
Sacramento,137902539984.8889
Sacramento,143418643951.14697
Sacramento,149155396387.47235
Sacramento,155121612106.52155
Sacramento,161326475254.50183
Sacramento,167779536205.5332
Sacramento,174490717847.38965
Sacramento,181470339872.73813
Sacramento,188729154664.30167
Sacramento,196278314117.0617
Sacramento,204129448554.1474
Sacramento,212294622510.59967
Sacramento,220786407595.39767
Sacramento,229617865852.18314
Sacramento,238802592755.7872
Sacramento,248354700179.76852
Sacramento,258288895010.9533
Sacramento,268620460170.13055
Sacramento,279365281023.2154
Sacramento,290539893692.593
Sacramento,302161484106.6912
Sacramento,314247942887.8092
Sacramento,326817856987.88293
Sacramento,339890569262.104
Sacramento,353486201385.9051
Sacramento,367625650014.44885
Sacramento,382330671635.52893
Sacramento,397623905373.6174
Sacramento,413528866364.93945
Sacramento,430070026057.8045
Sacramento,447272817069.4657
Sacramento,465163739495.5991
Sacramento,483770286282.84937
Sacramento,503121101623.9372
Sacramento,523245958307.8937
Sacramento,544175807416.8732
Sacramento,565942834825.7375
Sacramento,588580540996.1804
Sacramento,612123769787.7607
Sacramento,636608721289.5503
Sacramento,662073067636.7251
Sacramento,688555993448.2869
Sacramento,716098232371.8206
Sacramento,744742165173.3141
Sacramento,774531852115.1558
Sacramento,805513129811.7017
Sacramento,837733650531.5063
Sacramento,871243003675.0767
Sacramento,906092727310.1965
Sacramento,942336439634.0912
Sacramento,980029891631.1052
Sacramento,1019231095794.5116
Sacramento,1060000339557.7117
Sacramento,1102400356780.2646
Sacramento,1146496369437.353
Sacramento,1192356225519.2925
Sacramento,1240050476025.701
Sacramento,1289652480967.0745
Sacramento,1341238583117.9983
Sacramento,1394888136269.4255
Sacramento,1450683664419.104
Sacramento,1508711006207.327
Sacramento,1569059449705.428
Sacramento,1631821832991.0479
Sacramento,1697094708873.0225
Sacramento,1764978496857.3079
Sacramento,1835577635520.8542
Sacramento,1909000739710.1396
Sacramento,1985360772787.43
Sacramento,2064775196663.3074
Sacramento,2147366202670.474
Sacramento,2233260858755.3423
Sacramento,2322591301276.5327
Sacramento,2415494945936.859
Sacramento,2512114738117.2656
Sacramento,2612599326288.8535
Sacramento,2717103303803.3555
Sacramento,2825787426818.118
Sacramento,2938818923616.8
Sacramento,3056371678190.5757
Sacramento,3178626551948.022
Sacramento,3305771605641.4004
Sacramento,3438002470329.76
Sacramento,3575522567174.903
Sacramento,3718543477210.8936
Sacramento,3867285219287.593
Sacramento,4021976625130.0186
Sacramento,4182855694402.1514
Sacramento,4350169920234.0938
Sacramento,4524176722040.106
Sacramento,4705143789736.326
Sacramento,4893349546599.112
Sacramento,5089083530643.487
Sacramento,5292646888171.682
Sacramento,5504352763434.068
Sacramento,5724526875885.743
Sacramento,5953507948524.049
Sacramento,6191648266478.4375
Sacramento,6439314183628.399
Sacramento,6696886753301.455
Sacramento,6964762230147.885
Sacramento,7243352721336.951
Sacramento,7533086823621.122
Sacramento,7834410292557.031
Sacramento,8147786692108.352
Sacramento,8473698164687.306
Sacramento,8812646086242.232
Sacramento,9165151929548.379
Sacramento,9531758005961.627
Sacramento,9913028333638.727
Sacramento,10309549467410.682
Sacramento,10721931450151.574
Sacramento,11150808710889.955
Sacramento,11596841066122.61
Sacramento,12060714707571.895
Sacramento,12543143305222.848
Sacramento,13044869027503.451
Sacramento,13566663792890.957
Sacramento,14109330340273.498
Sacramento,14673703551420.69
Sacramento,15260651696324.59
Sacramento,15871077766984.584
Sacramento,16505920880696.11
Sacramento,17166157708993.166
Sacramento,17852804024598.047
Sacramento,18566916181078.734
Sacramento,19309592824485.45
Sacramento,20081976540654.35
Sacramento,20885255600846.92
Sacramento,21720665826422.105
Sacramento,22589492448695.99
Sacramento,23493072148065.45
Sacramento,24432795035077.227
Sacramento,25410106833931.023
Sacramento,26426511096917.887
Sacramento,27483571539730.56
Sacramento,28582914401132.91
Sacramento,29726230975342.082
Sacramento,30915280205174.895
Sacramento,32151891421355.562
Sacramento,33437967075015.477
Sacramento,34775485756905.074
Sacramento,36166505175133.91
Sacramento,37613165390113.54
Sacramento,39117692003385.33
Sacramento,40682399684013.055
Sacramento,42309695676977.266
Sacramento,44002083500674.836
Sacramento,45762166845518.055
Sacramento,47592653509032.16
Sacramento,49496359652148.375
Sacramento,51476214046095.52
Sacramento,53535262605037.26
Sacramento,55676673114833.16
Sacramento,57903740048596.09
Sacramento,60219889649265.73
Sacramento,62628685233548.72
Sacramento,65133832638399.2
Sacramento,67739185941386.52
Sacramento,70448753374965.19
Sacramento,73266703505468.23
Sacramento,76197371651681.14
Sacramento,79245266513798.77
Sacramento,82415077175643.33
Sacramento,85711680262860.23
Sacramento,89140147480865.11
Sacramento,92705753377583.94
Sacramento,96413983514593.03
Sacramento,100270542859132.1
Sacramento,104281364580946.12
Sacramento,108452619161595.2
Sacramento,112790723924969.55
Sacramento,117302352876659.42
Sacramento,121994447002907.3
Sacramento,126874224889945.95
Sacramento,131949193885332.8
Sacramento,137227161650403.31
Sacramento,142716248115910.12
Sacramento,148424898044168.6
Sacramento,154361893965986.22
Sacramento,160536369726614.72
Sacramento,166957824517138.12
Sacramento,173636137495698.72
Sacramento,180581583000989.2
Sacramento,187804846324608.5
Sacramento,195317040182731.3
Sacramento,203129721791641.7
Sacramento,211254910658774.53
Sacramento,219705107093672.47
Sacramento,228493311376106.6
Sacramento,237633043832971.22
Sacramento,247138365589466.97
Sacramento,257023900214832.75
Sacramento,267304856228003.16
Sacramento,277997050482490.16
Sacramento,289116932500665.56
Sacramento,300681609808819.5
Sacramento,312708874199837.8
Sacramento,325217229169515.06
Sacramento,338225918334357.3
Sacramento,351754955064364.25
Sacramento,365825153272159.75
Sacramento,380458159418655.6
Sacramento,395676485793593.06
Sacramento,411503545231413.44
Sacramento,427963687039040.44
Sacramento,445082234520549.6
Sacramento,462885523910159.56
Sacramento,481400944861198.25
Sacramento,500656982648955.4
Sacramento,520683261954477.6
Sacramento,541510592435975.0
Sacramento,563171016135732.4
Sacramento,585697856782965.1
Sacramento,609125771054454.4
Sacramento,633490801900565.4
Sacramento,658830433962019.6
Sacramento,685183651316746.4
Sacramento,712590997368948.2
Sacramento,741094637267228.9
Sacramento,770738422765366.9
Sacramento,801567959671556.1
Sacramento,833630678065703.8
Sacramento,866975905186069.1
Sacramento,901654941392862.4
Sacramento,937721139051484.0
Sacramento,975229984612527.2
Sacramento,1014239184002579.0
Sacramento,1054808751360659.2
Sacramento,1097001101413138.0
Sacramento,1140881145474923.5
Sacramento,1186516391290105.0
Sacramento,1233977046942954.0
Sacramento,1283336128812369.8
Sacramento,1334669573973962.8
Sacramento,1388056356938954.0
Sacramento,1443578611230262.8
Sacramento,1501321755686165.0
Sacramento,1561374625907963.5
Sacramento,1623829610947625.2
Sacramento,1688782795380940.2
Sacramento,1756334107204068.2
Sacramento,1826587471486725.2
Sacramento,1899650970340448.5
Sacramento,1975637009146017.5
Sacramento,2054662489509416.2
Sacramento,2136848989086345.5
Sacramento,2222322948643491.2
Sacramento,2311215866599180.0
Sacramento,2403664501265797.0
Sacramento,2499811081318490.0
Sacramento,2599803524579175.5
Sacramento,2703795665563624.0
Sacramento,2811947492182425.5
Sacramento,2924425391861221.5
Sacramento,3041402407531645.0
Sacramento,3163058503840438.0
Sacramento,3289580843987779.0
Sacramento,3421164077749056.0
Sacramento,3558010640864188.0
Sacramento,3700331066500182.0
Sacramento,3848344309162184.5
Sacramento,4002278081531950.0
Sacramento,4162369204795124.5
Sacramento,4328863972994975.0
Sacramento,4502018531909572.5
Sacramento,4682099273187158.0
Sacramento,4869383244105553.0
Sacramento,5064158573859406.0
Sacramento,5266724916813374.0
Sacramento,5477393913488626.0
Sacramento,5696489670036324.0
Sacramento,5924349256849876.0
Sacramento,6161323227130470.0
Sacramento,6407776156219325.0
Sacramento,6664087202468898.0
Sacramento,6930650690559998.0
Sacramento,7207876718181668.0
Sacramento,7496191786915387.0
Sacramento,7796039458396494.0
Sacramento,8107881036725922.0
Sacramento,8432196278198029.0
Sacramento,8769484129328592.0
Sacramento,9120263494503486.0
Sacramento,9485074034283486.0
Sacramento,9864476995658154.0
Sacramento,1.0259056075487966e+16
San Diego,550000.0
San Diego,577042.706172843
San Diego,611055.1253192597
San Diego,643716.1815080829
San Diego,671684.4021522962
San Diego,705819.0090954816
San Diego,736820.606169006
San Diego,782246.2071836517
San Diego,827049.1954665241
San Diego,870759.4481611531
San Diego,925753.8245264597
San Diego,977010.2394133208
San Diego,1023589.688801219
San Diego,1077689.728984367
San Diego,1145126.9350148737
San Diego,1204761.538315246
San Diego,1272399.5293663736
San Diego,1346100.8866040972
San Diego,1423086.1777900972
San Diego,1513603.216563343
San Diego,1590969.8771897105
San Diego,1673090.9050324804
San Diego,1759312.1325737562
San Diego,1854594.7077602283
San Diego,1962094.3036279532
San Diego,2064850.8174285078
San Diego,2183984.414916795
San Diego,2304279.1910868576
San Diego,2425469.56313058
San Diego,2550113.539319922
San Diego,2682731.931513471
San Diego,2826952.9207055424
San Diego,2981589.5754656303
San Diego,3152307.316999892
San Diego,3329679.660495827
San Diego,3508617.3355626957
San Diego,3703634.615435505
San Diego,3915592.250630419
San Diego,4140319.4115202418
San Diego,4366464.949096086
San Diego,4611411.963444896
San Diego,4871989.398268805
San Diego,5132413.4555576965
San Diego,5412134.160177571
San Diego,5720901.632659453
San Diego,6034046.041905118
San Diego,6351273.817386394
San Diego,6699989.068290712
San Diego,7074111.594542281
San Diego,7463220.28442611
San Diego,7877274.219803548
San Diego,8315215.411881022
San Diego,8770777.572277317
San Diego,9250573.373820499
San Diego,9760122.114260398
San Diego,10297817.72515937
San Diego,10864468.08414237
San Diego,11462489.611383611
San Diego,12089183.809336605
San Diego,12757840.353400521
San Diego,13462517.732573112
San Diego,14196276.166031456
San Diego,14975125.543577755
San Diego,15799222.847837226
San Diego,16665508.539456893
San Diego,17585298.36901496
San Diego,18552155.366618495
San Diego,19573369.274429787
San Diego,20647901.03798601
San Diego,21773569.500958186
San Diego,22960864.081903074
San Diego,24226659.654141203
San Diego,25560460.495501414
San Diego,26968479.133785747
San Diego,28452417.850354277
San Diego,30018373.66914063
San Diego,31674229.337811455
San Diego,33418535.04825309
San Diego,35261759.022658534
San Diego,37202013.07811089
San Diego,39246621.88870439
San Diego,41406157.10689391
San Diego,43679314.85836564
San Diego,46079777.940931186
San Diego,48615053.584225595
San Diego,51289703.123017505
San Diego,54110104.70038345
San Diego,57079219.53535366
San Diego,60221758.65753021
San Diego,63538126.52572736
San Diego,67040941.93711863
San Diego,70730402.6236431
San Diego,74620582.07711443
San Diego,78719648.94380768
San Diego,83056689.7250639
San Diego,87626046.82482679
San Diego,92446446.2660614
San Diego,97529730.52970387
San Diego,102892275.86100541
San Diego,108554792.36703096
San Diego,114520198.74410437
San Diego,120826936.8343259
San Diego,127479455.99250151
San Diego,134489055.76435474
San Diego,141881634.50856486
San Diego,149675048.37659416
San Diego,157900918.96794438
San Diego,166589119.06864575
San Diego,175753097.32671574
San Diego,185421985.9475116
San Diego,195610967.27644813
San Diego,206367591.39855227
San Diego,217724645.28950402
San Diego,229699020.64340013
San Diego,242326105.30511403
San Diego,255653483.08524105
San Diego,269710569.5678375
San Diego,284546319.2893683
San Diego,300196469.57717794
San Diego,316709991.88724315
San Diego,334122951.8229077
San Diego,352497470.5903243
San Diego,371890283.64449906
San Diego,392337477.8446743
San Diego,413911023.5660512
San Diego,436677126.34873396
San Diego,460695801.94710976
San Diego,486031626.8049871
San Diego,512761974.11484814
San Diego,540966548.8189725
San Diego,570723957.1790247
San Diego,602108428.7155446
San Diego,635226213.8925025
San Diego,670171215.7365901
San Diego,707030053.1417958
San Diego,745911306.8688256
San Diego,786930798.2870667
San Diego,830211188.5056489
San Diego,875877983.1099838
San Diego,924051068.4017837
San Diego,974874823.3237813
San Diego,1028487956.8981783
San Diego,1085059710.115743
San Diego,1144732265.879253
San Diego,1207690018.0201902
San Diego,1274116118.5856109
San Diego,1344182307.9503276
San Diego,1418113204.693344
San Diego,1496104235.583646
San Diego,1578390051.287741
San Diego,1665199743.830528
San Diego,1756796258.9153335
San Diego,1853418087.5497308
San Diego,1955365295.6218302
San Diego,2062913321.6424868
San Diego,2176369547.0379696
San Diego,2296071526.179684
San Diego,2422353938.0708346
San Diego,2555584615.452184
San Diego,2696138199.8471174
San Diego,2844434251.726876
San Diego,3000882762.562308
San Diego,3165931473.411075
San Diego,3340066350.0225244
San Diego,3523770370.6699834
San Diego,3717583229.181657
San Diego,3922050498.2895856
San Diego,4137765245.1334867
San Diego,4365341926.421924
San Diego,4605436208.881898
San Diego,4858736053.029704
San Diego,5125963187.287175
San Diego,5407889157.244636
San Diego,5705321977.118008
San Diego,6019115834.414582
San Diego,6350167052.412286
San Diego,6699432105.45763
San Diego,7067905106.849394
San Diego,7456638906.08833
San Diego,7866760954.842675
San Diego,8299442172.46214
San Diego,8755901272.816082
San Diego,9237480504.271393
San Diego,9745538467.085333
San Diego,10281547086.515133
San Diego,10847038367.463167
San Diego,11443621092.710669
San Diego,12073010991.174261
San Diego,12737030772.859285
San Diego,13437568142.378958
San Diego,14176626048.01603
San Diego,14956353128.479437
San Diego,15778955672.642866
San Diego,16646801585.138424
San Diego,17562382501.4098
San Diego,18528310634.867577
San Diego,19547368372.055855
San Diego,20622467035.909355
San Diego,21756699683.14213
San Diego,22953320094.01495
San Diego,24215744372.762436
San Diego,25547607131.816643
San Diego,26952720884.396755
San Diego,28435121243.4998
San Diego,29999055785.398598
San Diego,31649007564.359543
San Diego,33389707974.48254
San Diego,35226148773.663315
San Diego,37163589992.44207
San Diego,39207596878.70588
San Diego,41364015304.5473
San Diego,43639035279.69163
San Diego,46039185256.61148
San Diego,48571339363.669235
San Diego,51242772291.49469
San Diego,54061130422.44426
San Diego,57034496347.06941
San Diego,60171394303.254944
San Diego,63480818952.5481
San Diego,66972267501.56327
San Diego,70655736578.66199
San Diego,74541809762.30606
San Diego,78641608411.04936
San Diego,82966898399.19073
San Diego,87530073263.14084
San Diego,92344230907.5449
San Diego,97423161338.7518
San Diego,102781438458.5271
San Diego,108434421360.71342
San Diego,114398311297.39209
San Diego,120690212801.10304
San Diego,127328182164.66328
San Diego,134331231222.2246
San Diego,141719450063.691
San Diego,149514022244.51663
San Diego,157737287199.4644
San Diego,166412840308.7656
San Diego,175565547021.38037
San Diego,185221648889.90277
San Diego,195408833796.16748
San Diego,206156322684.3844
San Diego,217494926070.58557
San Diego,229457147897.42035
San Diego,242077283859.45172
San Diego,255391529185.05746
San Diego,269438061129.61703
San Diego,284257162314.84467
San Diego,299891305008.40784
San Diego,316385324441.02563
San Diego,333786508917.85803
San Diego,352144763624.91626
San Diego,371512719459.60486
San Diego,391945914013.98395
San Diego,413502939884.5065
San Diego,436245599572.33325
San Diego,460239116046.2838
San Diego,485552272818.84625
San Diego,512257644779.4631
San Diego,540431810658.24426
San Diego,570155567157.6573
San Diego,601514131651.5409
San Diego,634597397921.1344
San Diego,669500255271.0848
San Diego,706322768051.603
San Diego,745170523540.0419
San Diego,786154912048.0847
San Diego,829393429790.4442
San Diego,875010058125.426
San Diego,923135614217.3629
San Diego,973908079949.1382
San Diego,1027473022827.5417
San Diego,1083984035557.8691
San Diego,1143603155327.2546
San Diego,1206501333121.2805
San Diego,1272858904170.6462
San Diego,1342866145543.8333
San Diego,1416723783687.7585
San Diego,1494643591413.6873
San Diego,1576848992447.9016
San Diego,1663575684639.6367
San Diego,1755072345141.8838
San Diego,1851601328112.7014
San Diego,1953439396224.2732
San Diego,2060878558615.507
San Diego,2174226873037.7883
San Diego,2293809355299.9214
San Diego,2419968869315.232
San Diego,2553067150559.4937
San Diego,2693485848109.3086
San Diego,2841627566977.6094
San Diego,2997917078802.9873
San Diego,3162802517158.759
San Diego,3336756662996.1084
San Diego,3520278277486.083
San Diego,3713893585624.5117
San Diego,3918157736469.26
San Diego,4133656414191.4355
San Diego,4361007523327.3228
San Diego,4600862933574.745
San Diego,4853910389704.682
San Diego,5120875455823.605
San Diego,5402523605171.562
San Diego,5699662398720.764
San Diego,6013143831388.109
San Diego,6343866742499.397
San Diego,6692779418429.73
San Diego,7060882287899.087
San Diego,7449230811652.776
San Diego,7858938508347.925
San Diego,8291180121156.091
San Diego,8747195027628.973
San Diego,9228290755745.572
San Diego,9735846747958.166
San Diego,10271318321171.191
San Diego,10836240825615.375
San Diego,11432234076784.377
San Diego,12061006960118.363
San Diego,12724362334911.492
San Diego,13424202257253.633
San Diego,14162533381617.998
San Diego,14941472716324.23
San Diego,15763253725204.125
San Diego,16630232681189.273
San Diego,17544895485617.408
San Diego,18509864727080.742
San Diego,19527907291141.03
San Diego,20601942188576.2
San Diego,21735049005290.18
San Diego,22930476699339.348
San Diego,24191652910680.094
San Diego,25522193822981.42
San Diego,26925914484198.973
San Diego,28406839782160.875
San Diego,29969215974614.88
San Diego,31617522860792.605
San Diego,33356486616317.64
San Diego,35191093382601.86
San Diego,37126603520109.9
San Diego,39168566715604.01
San Diego,41322837886925.22
San Diego,43595593978658.62
San Diego,45993351645186.45
San Diego,48522985978043.02
San Diego,51191750203346.016
San Diego,54007296468316.38
San Diego,56977697774190.43
San Diego,60111471149432.9
San Diego,63417602057269.22
San Diego,66905570171525.45
San Diego,70585376534181.88
San Diego,74467572245091.23
San Diego,78563288717304.6
San Diego,82884269597489.55
San Diego,87442904426055.69
San Diego,92252264170437.23
San Diego,97326138693889.75
San Diego,102679076323040.31
San Diego,108326425518604.53
San Diego,114284378927330.88
San Diego,120570019768998.66
San Diego,127201370860470.97
San Diego,134197446256287.95
San Diego,141578305799055.22
San Diego,149365112625474.5
San Diego,157580193822057.28
San Diego,166247104478697.88
San Diego,175390695229511.12
San Diego,185037183464467.7
San Diego,195214228556141.9
San Diego,205951011135913.06
San Diego,217278316741231.88
San Diego,229228624161120.72
San Diego,241836198492023.7
San Diego,255137189412908.47
San Diego,269169734824412.25
San Diego,283974070232076.0
San Diego,299592644100293.94
San Diego,316070239522208.0
San Diego,333454102692118.0
San Diego,351794078347935.75
San Diego,371142752657420.7
San Diego,391555604053960.0
San Diego,413091162276028.75
San Diego,435811176195090.4
San Diego,459780790889198.8
San Diego,485068734390151.94
San Diego,511747514782453.7
San Diego,539893628094907.0
San Diego,569587777638665.2
San Diego,600915105413354.1
San Diego,633965436210382.1
San Diego,668833535201632.9
San Diego,705619379640372.1
San Diego,744428445521632.2
San Diego,785372010033533.4
San Diego,828567470576570.8
San Diego,874138681459781.6
San Diego,922216308936541.5
San Diego,972938205923340.9
San Diego,1026449807246839.2
San Diego,1082904546645688.8
San Diego,1142464296711696.8
San Diego,1205299833023253.5
San Diego,1271591323836826.8
San Diego,1341528846649258.2
San Diego,1415312933210582.5
San Diego,1493155144531590.5
San Diego,1575278677469547.2
San Diego,1661919004727056.2
San Diego,1753324549981296.0
San Diego,1849757400225347.5
San Diego,1951494057236382.5
San Diego,2058826230381384.2
San Diego,2172061673046529.0
San Diego,2291525065053509.0
San Diego,2417558943632963.5
San Diego,2550524685536540.5
San Diego,2690803543239066.5
San Diego,2838797738115886.0
San Diego,2994931613712273.5
San Diego,3159652852474342.5
San Diego,3333433759352592.5
San Diego,3516772616114912.5
San Diego,3710195109992622.5
San Diego,3914255841044028.0
San Diego,4129539912300729.5
San Diego,4356664607478284.5
San Diego,4596281160890356.0
San Diego,4849076624744279.0
San Diego,5115775839107905.0
San Diego,5397143510262992.0
San Diego,5693986403322128.0
San Diego,6007155655510811.0
San Diego,6337549216560293.0
San Diego,6686114423467785.0
San Diego,7053850716759867.0
San Diego,7441812506183169.0
San Diego,7851112194017884.0
San Diego,8282923364688001.0
San Diego,8738484149753282.0
San Diego,9219100777982370.0
San Diego,9726151320778826.0
San Diego,1.0261089643420452e+16
San Diego,1.0825449573796888e+16
San Diego,1.1420849300348882e+16
San Diego,1.2048996011863252e+16
San Diego,1.271169079251261e+16
San Diego,1.3410833786100278e+16
San Diego,1.4148429644322274e+16
San Diego,1.4926593274760932e+16
San Diego,1.5747555904867506e+16
San Diego,1.661367147964217e+16
San Diego,1.7527423411021138e+16
San Diego,1.8491431698632016e+16
San Diego,1.950846044206233e+16
San Diego,2.0581425766381172e+16
San Diego,2.1713404183529304e+16
San Diego,2.290764141362052e+16
San Diego,2.4167561691368524e+16
San Diego,2.5496777584396972e+16
San Diego,2.6899100351536252e+16
San Diego,2.8378550870870148e+16
San Diego,2.9939371168769372e+16
San Diego,3.158603658304716e+16
San Diego,3.332326859510991e+16
San Diego,3.5156048367840164e+16
San Diego,3.708963102807124e+16
San Diego,3.912956073461732e+16
San Diego,4.128168657502463e+16
San Diego,4.355217933664549e+16
San Diego,4.594754920015692e+16
San Diego,4.847466440616069e+16
San Diego,5.1140770948506584e+16
San Diego,5.395351335067384e+16
San Diego,5.692095658496098e+16
San Diego,6.005160919713411e+16
San Diego,6.335444770297291e+16
San Diego,6.683894232664424e+16
San Diego,7.051508415461173e+16
San Diego,7.439341378311557e+16
San Diego,7.848505154118139e+16
San Diego,8.280172937594056e+16
San Diego,8.735582449161573e+16
San Diego,9.216039483865109e+16
San Diego,9.722921655477155e+16
San Diego,1.0257682346528213e+17
San Diego,1.0821854875587155e+17
San Diego,1.1417056893744518e+17
San Diego,1.2044995022900214e+17
San Diego,1.2707469749159221e+17
San Diego,1.3406380585362491e+17
San Diego,1.4143731517558034e+17
San Diego,1.4921636751023098e+17
San Diego,1.574232677232955e+17
San Diego,1.6608154744807933e+17
San Diego,1.7521603255772307e+17
San Diego,1.8485291434840666e+17
San Diego,1.9501982463757152e+17
San Diego,2.0574591499264717e+17
San Diego,2.170619403172395e+17
San Diego,2.2900034703468448e+17
San Diego,2.4159536612159475e+17
San Diego,2.5488311125828115e+17
San Diego,2.68901682377495e+17
San Diego,2.836912749082589e+17
San Diego,2.992942950282079e+17
San Diego,3.157554812547506e+17
San Diego,3.331220327237615e+17
San Diego,3.514437445235679e+17
San Diego,3.707731504723657e+17
San Diego,3.911656737483519e+17
San Diego,4.126797858045166e+17
San Diego,4.353771740237621e+17
San Diego,4.593229185950625e+17
San Diego,4.8458567911778477e+17
San Diego,5.112378914692592e+17
San Diego,5.3935597550006656e+17
San Diego,5.690205541525717e+17
San Diego,6.003166846309591e+17
San Diego,6.333341022856632e+17
San Diego,6.681674779113765e+17
San Diego,7.049166891965029e+17
San Diego,7.436871071023049e+17
San Diego,7.845898979929339e+17
San Diego,8.277423423825555e+17
San Diego,8.732681712135973e+17
San Diego,9.212979206303304e+17
San Diego,9.719693062650047e+17
San Diego,1.0254276181095764e+18
San Diego,1.0818261371056145e+18
San Diego,1.1413265746464238e+18
San Diego,1.2040995362519685e+18
San Diego,1.2703250107458166e+18
San Diego,1.340192886336844e+18
San Diego,1.413903495085376e+18
San Diego,1.4916681873150825e+18
San Diego,1.5737099376174118e+18
San Diego,1.660263984186369e+18
San Diego,1.7515785033166175e+18
San Diego,1.847915320999028e+18
San Diego,1.9495506636539722e+18
San Diego,2.0567759501549417e+18
San Diego,2.1698986274134592e+18
San Diego,2.289243051921191e+18
San Diego,2.415151419776857e+18
San Diego,2.54798474786458e+18
San Diego,2.6881239089971154e+18
San Diego,2.835970723991959e+18
San Diego,2.991949113811511e+18
San Diego,3.156506315071147e+18
San Diego,3.330114162400063e+18
San Diego,3.513270441332068e+18
San Diego,3.7065003156053437e+18
San Diego,3.9103578329636367e+18
San Diego,4.125427513776635e+18
San Diego,4.352326027034353e+18
San Diego,4.5917039585212416e+18
San Diego,4.844247676239916e+18
San Diego,5.110681298433105e+18
San Diego,5.391768769846919e+18
San Diego,5.688316052188503e+18
San Diego,6.001173435058864e+18
San Diego,6.331237973987105e+18
San Diego,6.679456062556398e+18
San Diego,7.046826145996996e+18
San Diego,7.434401584026832e+18
San Diego,7.843293671148301e+18
San Diego,8.274674823061452e+18
San Diego,8.72978193832983e+18
San Diego,9.209919944937971e+18
San Diego,9.716465541909557e+18
San Diego,1.0250871146714585e+19
San Diego,1.0814669059783889e+19
San Diego,1.140947585807201e+19
San Diego,1.203699703026597e+19
San Diego,1.2699031866930604e+19
San Diego,1.3397478619611791e+19
San Diego,1.413433994369045e+19
San Diego,1.4911728640593424e+19
San Diego,1.573187371582606e+19
San Diego,1.6597126770196498e+19
San Diego,1.7509968742557307e+19
San Diego,1.8473017023397966e+19
San Diego,1.9489032959684858e+19
San Diego,2.056092977246751e+19
San Diego,2.1691780909953225e+19
San Diego,2.288482886000065e+19
San Diego,2.414349444730068e+19
San Diego,2.547138664190222e+19
San Diego,2.6872312907206832e+19
San Diego,2.835029011710321e+19
San Diego,2.9909556073543885e+19
San Diego,3.15545816575888e+19
San Diego,3.3290083648756175e+19
San Diego,3.5121038249437766e+19
San Diego,3.705269535315684e+19
San Diego,3.909059359758046e+19
San Diego,4.1240576245447385e+19
San Diego,4.350880793894699e+19
San Diego,4.590179237558907e+19
San Diego,4.842639095624646e+19
San Diego,5.108984245884001e+19
San Diego,5.3899783794076205e+19
San Diego,5.686427190275039e+19
San Diego,5.999180685740165e+19
San Diego,6.3291356234558734e+19
San Diego,6.677238082745946e+19
San Diego,7.044486177296972e+19
San Diego,7.431932917048305e+19
San Diego,7.840689227485962e+19
San Diego,8.271927134997689e+19
San Diego,8.726883127422561e+19
San Francisco,800000.0
San Francisco,848890.1536733969
San Francisco,900439.0933167388
San Francisco,959087.1103307022
San Francisco,1014413.659376242
San Francisco,1081253.0896131415
San Francisco,1143427.0099732513
San Francisco,1205303.4716489343
San Francisco,1271960.266170484
San Francisco,1347965.824445035
San Francisco,1428516.2013664434
San Francisco,1515866.479152184
San Francisco,1606366.5977457229
San Francisco,1707635.186190788
San Francisco,1808787.8268699225
San Francisco,1907333.7151577608
San Francisco,2021168.2546248976
San Francisco,2132404.456463559
San Francisco,2261705.6787563614
San Francisco,2402693.984476668
San Francisco,2541924.5011138553
San Francisco,2701532.754612646
San Francisco,2867838.8761130474
San Francisco,3045941.6094569056
San Francisco,3229645.9253064934
San Francisco,3418460.8549461244
San Francisco,3627472.583381963
San Francisco,3841997.933851039
San Francisco,4073107.2324126186
San Francisco,4316636.911393357
San Francisco,4581258.605360944
San Francisco,4859785.756712218
San Francisco,5150970.073123389
San Francisco,5450270.241543092
San Francisco,5774110.318703031
San Francisco,6124078.049272635
San Francisco,6492923.283534226
San Francisco,6874982.570874216
San Francisco,7278448.585264325
San Francisco,7716133.046130973
San Francisco,8173815.743060253
San Francisco,8659440.705339681
San Francisco,9182370.186303977
San Francisco,9739323.591384295
San Francisco,10319929.496732172
San Francisco,10938901.46499804
San Francisco,11594864.319568
San Francisco,12289735.158218598
San Francisco,13027322.260092495
San Francisco,13812744.090337247
San Francisco,14638139.114023833
San Francisco,15508801.073192682
San Francisco,16447779.187252263
San Francisco,17440093.048109848
San Francisco,18480980.44164019
San Francisco,19590517.428182483
San Francisco,20771001.984696362
San Francisco,22021007.323500775
San Francisco,23344577.829460472
San Francisco,24744401.364770144
San Francisco,26237701.966281664
San Francisco,27813068.378620863
San Francisco,29479277.685041513
San Francisco,31252389.724788234
San Francisco,33128013.401485287
San Francisco,35117443.19421068
San Francisco,37225505.531871274
San Francisco,39461519.741652384
San Francisco,41824318.644884534
San Francisco,44326522.23164176
San Francisco,46993284.229156435
San Francisco,49814129.20571477
San Francisco,52806831.1944447
San Francisco,55966442.2700105
San Francisco,59329762.22175471
San Francisco,62886940.526833214
San Francisco,66656125.867609166
San Francisco,70655176.55382757
San Francisco,74889597.2460045
San Francisco,79382964.42227365
San Francisco,84145260.595875
San Francisco,89199278.21115366
San Francisco,94558801.62633358
San Francisco,100239737.3028778
San Francisco,106242798.9661535
San Francisco,112612691.06997351
San Francisco,119358078.10035281
San Francisco,126513595.0750018
San Francisco,134101163.1884474
San Francisco,142149285.78783038
San Francisco,150675643.26892775
San Francisco,159713721.5147087
San Francisco,169297453.62900722
San Francisco,179446754.29852164
San Francisco,190209366.5906681
San Francisco,201619410.8029791
San Francisco,213715563.4412147
San Francisco,226538882.01763874
San Francisco,240138718.18764573
San Francisco,254551582.9597099
San Francisco,269820831.3871701
San Francisco,286008774.62510306
San Francisco,303167653.90692383
San Francisco,321355142.3787567
San Francisco,340637813.50061125
San Francisco,361066783.4128831
San Francisco,382735193.9895961
San Francisco,405707773.3829255
San Francisco,430048890.5831977
San Francisco,455850377.196064
San Francisco,483202185.0490639
San Francisco,512199413.08189255
San Francisco,542929756.3982221
San Francisco,575510211.507946
San Francisco,610043266.671785
San Francisco,646657670.7293121
San Francisco,685455487.6629951
San Francisco,726572936.9205362
San Francisco,770160148.440165
San Francisco,816369816.987762
San Francisco,865357145.4174979
San Francisco,917275311.5968457
San Francisco,972310675.6304072
San Francisco,1030652740.3819184
San Francisco,1092487078.6418293
San Francisco,1158033247.013343
San Francisco,1227509403.2007055
San Francisco,1301165858.5332122
San Francisco,1379243518.4092638
San Francisco,1461990232.4388723
San Francisco,1549708935.4577098
San Francisco,1642698507.8800478
San Francisco,1741262411.8287687
San Francisco,1845735710.34233
San Francisco,1956472122.1522717
San Francisco,2073866214.2041671
San Francisco,2198299989.632492
San Francisco,2330190624.078503
San Francisco,2470008010.9784827
San Francisco,2618200489.619383
San Francisco,2775291416.565775
San Francisco,2941807578.4862046
San Francisco,3118324125.102021
San Francisco,3305422267.3771834
San Francisco,3503746280.206383
San Francisco,3713964241.627042
San Francisco,3936798894.136269
San Francisco,4173002741.307141
San Francisco,4423379079.673739
San Francisco,4688781855.876789
San Francisco,4970096596.347467
San Francisco,5268294840.977089
San Francisco,5584391976.341347
San Francisco,5919456101.195244
San Francisco,6274622300.102966
San Francisco,6651099434.136695
San Francisco,7050163354.60183
San Francisco,7473173063.354923
San Francisco,7921565617.867321
San Francisco,8396861690.608004
San Francisco,8900669947.252428
San Francisco,9434714719.561272
San Francisco,10000798388.278421
San Francisco,10600852452.644909
San Francisco,11236910764.16576
San Francisco,11911118196.382101
San Francisco,12625780993.027334
San Francisco,13383331920.349174
San Francisco,14186323511.108025
San Francisco,15037510022.65932
San Francisco,15939758904.607906
San Francisco,16896147314.049559
San Francisco,17909915570.939217
San Francisco,18984503543.247932
San Francisco,20123579033.56582
San Francisco,21331007529.194923
San Francisco,22610865405.90524
San Francisco,23967515718.4668
San Francisco,25405553416.077095
San Francisco,26929893378.55624
San Francisco,28545691540.09623
San Francisco,30258424365.582695
San Francisco,32073919503.090347
San Francisco,33998344927.119354
San Francisco,36038248848.59215
San Francisco,38200547504.464775
San Francisco,40492575738.06294
San Francisco,42922132778.64687
San Francisco,45497461539.75129
San Francisco,48227307395.787834
San Francisco,51120950690.51924
San Francisco,54188201707.27239
San Francisco,57439499547.40481
San Francisco,60885865877.64133
San Francisco,64539026737.98322
San Francisco,68411363315.7321
San Francisco,72516043356.81563
San Francisco,76867006251.16025
San Francisco,81479026887.82262
San Francisco,86367770955.23448
San Francisco,91549830784.13646
San Francisco,97042820444.6226
San Francisco,102865390361.95851
San Francisco,109037311144.98491
San Francisco,115579551833.9771
San Francisco,122514318212.16617
San Francisco,129865175672.62671
San Francisco,137657082447.0637
San Francisco,145916505776.73288
San Francisco,154671503358.51416
San Francisco,163951800892.30365
San Francisco,173788915297.9242
San Francisco,184216247904.51324
San Francisco,195269227316.87543
San Francisco,206985381517.6986
San Francisco,219404504636.70905
San Francisco,232568774528.10486
San Francisco,246522909791.88046
San Francisco,261314291208.58633
San Francisco,276993152405.5836
San Francisco,293612740698.4138
San Francisco,311229505338.12244
San Francisco,329903278311.2428
San Francisco,349697472401.8728
San Francisco,370679325437.5637
San Francisco,392920080357.592
San Francisco,416495287138.266
San Francisco,441484992917.9842
San Francisco,467974089739.97064
San Francisco,496052545512.7546
San Francisco,525815703424.47736
San Francisco,557364653307.2883
San Francisco,590806529169.1874
San Francisco,626254921438.2028
San Francisco,663830223134.4563
San Francisco,703660039687.9984
San Francisco,745879644612.1077
San Francisco,790632431441.744
San Francisco,838070372125.9739
San Francisco,888354593532.3422
San Francisco,941655860373.8549
San Francisco,998155206520.756
San Francisco,1058044524282.9283
San Francisco,1121527191153.1577
San Francisco,1188818826299.9685
San Francisco,1260147964170.392
San Francisco,1335756841130.9248
San Francisco,1415902254198.0974
San Francisco,1500856393166.544
San Francisco,1590907770649.0613
San Francisco,1686362233805.7434
San Francisco,1787543962815.782
San Francisco,1894796597901.1135
San Francisco,2008484397355.734
San Francisco,2128993458221.0945
San Francisco,2256733065538.594
San Francisco,2392137044258.602
San Francisco,2535665273046.229
San Francisco,2687805186703.453
San Francisco,2849073505520.5635
San Francisco,3020017916156.443
San Francisco,3201218984090.8315
San Francisco,3393292122281.148
San Francisco,3596889644304.133
San Francisco,3812703025909.128
San Francisco,4041465206156.862
San Francisco,4283953119342.325
San Francisco,4540990304656.1
San Francisco,4813449720158.754
San Francisco,5102256698500.169
San Francisco,5408392104591.294
San Francisco,5732895630001.006
San Francisco,6076869366227.612
San Francisco,6441481527210.2
San Francisco,6827970415448.504
San Francisco,7237648638818.657
San Francisco,7671907558175.927
San Francisco,8132222006495.798
San Francisco,8620155322438.786
San Francisco,9137364648676.533
San Francisco,9685606525783.342
San Francisco,10266742914572.54
San Francisco,10882747482727.535
San Francisco,11535712335944.576
San Francisco,12227855070821.623
San Francisco,12961526374994.459
San Francisco,13739217948953.201
San Francisco,14563571029981.258
San Francisco,15437385297664.416
San Francisco,16363628417946.883
San Francisco,17345446115351.297
San Francisco,18386172886466.188
San Francisco,19489343255517.414
San Francisco,20658703844993.6
San Francisco,21898226073775.914
San Francisco,23212119636185.63
San Francisco,24604846811831.527
San Francisco,26081137626909.793
San Francisco,27646005894583.51
San Francisco,29304766241412.84
San Francisco,31063052212453.453
San Francisco,32926835345914.402
San Francisco,34902445464725.688
San Francisco,36996592194606.23
San Francisco,39216387730862.53
San Francisco,41569370998461.12
San Francisco,44063533261417.45
San Francisco,46707345265397.98
San Francisco,49509785973377.125
San Francisco,52480373139180.305
San Francisco,55629195525466.164
San Francisco,58966947260919.766
San Francisco,62504964091426.625
San Francisco,66255261932369.74
San Francisco,70230577651622.516
San Francisco,74444412301076.22
San Francisco,78911077044088.0
San Francisco,83645741673033.1
San Francisco,88664486174304.0
San Francisco,93984355345471.06
San Francisco,99623416662031.14
San Francisco,105600821665125.27
San Francisco,111936870966771.11
San Francisco,118653083220169.84
San Francisco,125772268211422.64
San Francisco,133318604303311.33
San Francisco,141317720559546.0
San Francisco,149796783786304.22
San Francisco,158784590816977.56
San Francisco,168311666264778.66
San Francisco,178410366240742.2
San Francisco,189114988212295.38
San Francisco,200461887507409.44
San Francisco,212489600758847.47
San Francisco,225238976810442.28
San Francisco,238753315421471.84
San Francisco,253078514345746.72
San Francisco,268263225202792.94
San Francisco,284359018719290.25
San Francisco,301420559841034.8
San Francisco,319505793430638.4
San Francisco,338676141035616.8
San Francisco,358996709495745.75
San Francisco,380536512064717.8
San Francisco,403368702798231.94
San Francisco,427570824960886.75
San Francisco,453225074454467.5
San Francisco,480418578928657.2
San Francisco,509243693662502.6
San Francisco,539798315279999.7
San Francisco,572186214201974.1
San Francisco,606517387046991.6
San Francisco,642908430273918.4
San Francisco,681482936090581.6
San Francisco,722371912258340.5
San Francisco,765714226996071.1
San Francisco,811657080612695.5
San Francisco,860356505454713.1
San Francisco,911977895779245.2
San Francisco,966696569528044.2
San Francisco,1024698363705915.6
San Francisco,1086180265535165.1
San Francisco,1151351081465939.2
San Francisco,1220432146356211.5
San Francisco,1293658075135786.8
San Francisco,1371277559656453.0
San Francisco,1453554213239741.0
San Francisco,1540767466034545.8
San Francisco,1633213513998181.2
San Francisco,1731206324840107.8
San Francisco,1835078704332698.0
San Francisco,1945183426591460.0
San Francisco,2061894432184976.0
San Francisco,2185608098115315.5
San Francisco,2316744583996536.0
San Francisco,2455749259039920.0
San Francisco,2603094214578307.0
San Francisco,2759279867447705.5
San Francisco,2924836659494496.0
San Francisco,3100326859063515.5
San Francisco,3286346470608574.5
San Francisco,3483527258842248.0
San Francisco,3692538894370820.5
San Francisco,3914091228036530.5
San Francisco,4148936701721878.5
San Francisco,4397872903828139.0
San Francisco,4661745278057998.0
San Francisco,4941449994742323.0
San Francisco,5237936994428015.0
San Francisco,5552213214090416.0
San Francisco,5885346006943211.0
San Francisco,6238466767366462.0
San Francisco,6612774773412421.0
San Francisco,7009541259815038.0
San Francisco,7430113735406637.0
San Francisco,7875920559535928.0
San Francisco,8348475793101968.0
San Francisco,8849384340696560.0
San Francisco,9380347401129658.0
San Francisco,9943168245200962.0
San Francisco,1.0539758339920286e+16
San Francisco,1.1172143840314938e+16
San Francisco,1.1842472470733082e+16
San Francisco,1.2553020818980406e+16
San Francisco,1.3306202068128492e+16
San Francisco,1.4104574192214796e+16
San Francisco,1.495084864374378e+16
San Francisco,1.584789956236629e+16
San Francisco,1.6798773536100506e+16
San Francisco,1.7806699948271026e+16
San Francisco,1.8875101945164716e+16
San Francisco,2.000760806187356e+16
San Francisco,2.1208064545590524e+16
San Francisco,2.248054841832407e+16
San Francisco,2.382938132342731e+16
San Francisco,2.525914420282776e+16
San Francisco,2.677469285500222e+16
San Francisco,2.8381174426304064e+16
San Francisco,3.0084044891881864e+16
San Francisco,3.188908758539543e+16
San Francisco,3.380243284051273e+16
San Francisco,3.583057881094403e+16
San Francisco,3.798041353959996e+16
San Francisco,4.025923835196966e+16
San Francisco,4.26747926530845e+16
San Francisco,4.523528021226892e+16
San Francisco,4.794939702500202e+16
San Francisco,5.082636084649007e+16
San Francisco,5.387594249728486e+16
San Francisco,5.710849904712125e+16
San Francisco,6.053500898993716e+16
San Francisco,6.416710952934406e+16
San Francisco,6.801713610111092e+16
San Francisco,7.209816426717584e+16
San Francisco,7.642405412320219e+16
San Francisco,8.100949737059634e+16
San Francisco,8.587006721283314e+16
San Francisco,9.102227124560584e+16
San Francisco,9.6483607520338e+16
San Francisco,1.0227262397156378e+17
San Francisco,1.0840898140985525e+17
San Francisco,1.1491352029444998e+17
San Francisco,1.2180833151211301e+17
San Francisco,1.2911683140285304e+17
San Francisco,1.368638412870277e+17
San Francisco,1.450756717642638e+17
San Francisco,1.5378021207012378e+17
San Francisco,1.630070247943284e+17
San Francisco,1.7278744628199226e+17
San Francisco,1.8315469305891632e+17
San Francisco,1.9414397464245315e+17
San Francisco,2.057926131210035e+17
San Francisco,2.1814016990826752e+17
San Francisco,2.3122858010275862e+17
San Francisco,2.4510229490891885e+17
San Francisco,2.5980843260345002e+17
San Francisco,2.7539693855965766e+17
San Francisco,2.9192075487323603e+17
San Francisco,3.0943600016562534e+17
San Francisco,3.280021601755668e+17
San Francisco,3.476822897861022e+17
San Francisco,3.685432271732692e+17
San Francisco,3.9065582080366406e+17
San Francisco,4.14095170051882e+17
San Francisco,4.389408802549907e+17
San Francisco,4.6527733307029485e+17
San Francisco,4.9319397305450906e+17
San Francisco,5.227856114377807e+17
San Francisco,5.541527481240559e+17
San Francisco,5.874019130114976e+17
San Francisco,6.226460277921924e+17
San Francisco,6.600047894597267e+17
San Francisco,6.996050768273119e+17
San Francisco,7.415813814369528e+17
San Francisco,7.860762643231695e+17
San Francisco,8.332408401825599e+17
San Francisco,8.832352905935108e+17
San Francisco,9.362294080291218e+17
San Francisco,9.924031725108662e+17
San Francisco,1.0519473628615232e+18
San Francisco,1.1150642046332061e+18
San Francisco,1.1819680569112008e+18
San Francisco,1.2528861403258747e+18
San Francisco,1.3280593087454285e+18
San Francisco,1.4077428672701594e+18
San Francisco,1.4922074393063675e+18
San Francisco,1.5817398856647508e+18
San Francisco,1.6766442788046272e+18
San Francisco,1.777242935532903e+18
San Francisco,1.8838775116648814e+18
San Francisco,1.9969101623647677e+18
San Francisco,2.1167247721066547e+18
San Francisco,2.243728258433051e+18
San Francisco,2.3783519539390336e+18
San Francisco,2.521053071175373e+18
San Francisco,2.672316255445889e+18
San Francisco,2.8326552307726444e+18
San Francisco,3.0026145446190034e+18
San Francisco,3.182771417296147e+18
San Francisco,3.37373770233392e+18
San Francisco,3.576161964473962e+18
San Francisco,3.7907316823424005e+18
San Francisco,4.0181755832829507e+18
San Francisco,4.2592661182799227e+18
San Francisco,4.514822085376723e+18
San Francisco,4.785711410499329e+18
San Francisco,5.07285409512929e+18
San Francisco,5.377225340837049e+18
San Francisco,5.699858861287267e+18
San Francisco,6.041850392964497e+18
San Francisco,6.404361416542376e+18
San Francisco,6.788623101534918e+18
San Francisco,7.195940487627012e+18
San Francisco,7.627696916884628e+18
San Francisco,8.085358731897699e+18
San Francisco,8.570480255811561e+18
San Francisco,9.084709071160253e+18
San Francisco,9.62979161542987e+18
San Francisco,1.0207579112355662e+19
San Francisco,1.0820033859097014e+19
San Francisco,1.1469235890642833e+19
San Francisco,1.2157390044081412e+19
San Francisco,1.2886833446726306e+19
San Francisco,1.3660043453529889e+19
San Francisco,1.4479646060741681e+19
San Francisco,1.5348424824386177e+19
San Francisco,1.626933031384935e+19
San Francisco,1.7245490132680317e+19
San Francisco,1.8280219540641145e+19
San Francisco,1.937703271307961e+19
San Francisco,2.0539654675864388e+19
San Francisco,2.177203395641625e+19
San Francisco,2.307835599380122e+19
San Francisco,2.44630573534293e+19
San Francisco,2.5930840794635055e+19
San Francisco,2.7486691242313155e+19
San Francisco,2.913589271685195e+19
San Francisco,3.088404627986307e+19
San Francisco,3.2737089056654856e+19
San Francisco,3.4701314400054145e+19
San Francisco,3.6783393264057405e+19
San Francisco,3.8990396859900854e+19
San Francisco,4.132982067149491e+19
San Francisco,4.380960991178461e+19
San Francisco,4.643818650649168e+19
San Francisco,4.922447769688118e+19
San Francisco,5.217794635869405e+19
San Francisco,5.530862314021571e+19
San Francisco,5.862714052862865e+19
San Francisco,6.214476896034638e+19
San Francisco,6.587345509796717e+19
San Francisco,6.982586240384521e+19
San Francisco,7.401541414807593e+19
San Francisco,7.84563389969605e+19
San Francisco,8.316371933677814e+19
San Francisco,8.815354249698483e+19
San Francisco,9.344275504680391e+19
San Francisco,9.904932034961215e+19
San Francisco,1.0499227957058888e+20
San Francisco,1.1129181634482422e+20
San Francisco,1.1796932532551367e+20
San Francisco,1.250474848450445e+20
San Francisco,1.3255033393574717e+20
San Francisco,1.4050335397189201e+20
San Francisco,1.4893355521020553e+20
San Francisco,1.5786956852281786e+20
San Francisco,1.6734174263418693e+20
San Francisco,1.7738224719223816e+20
San Francisco,1.8802518202377247e+20
San Francisco,1.9930669294519884e+20
San Francisco,2.112650945219108e+20
San Francisco,2.2394100019322546e+20
San Francisco,2.37377460204819e+20
San Francisco,2.5162010781710814e+20
San Francisco,2.6671731428613466e+20
San Francisco,2.8272035314330275e+20
San Francisco,2.9968357433190095e+20
San Francisco,3.17664588791815e+20
San Francisco,3.3672446411932395e+20
San Francisco,3.569279319664834e+20
San Francisco,3.7834360788447245e+20
San Francisco,4.010442243575408e+20
San Francisco,4.251068778189933e+20
San Francisco,4.506132904881329e+20
San Francisco,4.7765008791742094e+20
San Francisco,5.0630909319246624e+20
San Francisco,5.366876387840142e+20
San Francisco,5.688888971110551e+20
San Francisco,6.030222309377184e+20
San Francisco,6.392035647939814e+20
San Francisco,6.775557786816204e+20
San Francisco,7.182091254025177e+20
San Francisco,7.613016729266688e+20
San Francisco,8.069797733022689e+20
San Francisco,8.55398559700405e+20
San Francisco,9.067224732824294e+20
San Francisco,9.611258216793752e+20
San Francisco,1.0187933709801378e+21
San Francisco,1.0799209732389461e+21
San Francisco,1.1447162316332829e+21
San Francisco,1.21339920553128e+21
San Francisco,1.286203157863157e+21
San Francisco,1.3633753473349465e+21
San Francisco,1.4451778681750435e+21
San Francisco,1.5318885402655463e+21
San Francisco,1.623801852681479e+21
San Francisco,1.7212299638423678e+21
San Francisco,1.82450376167291e+21
San Francisco,1.9339739873732846e+21
San Francisco,2.0500124266156817e+21
San Francisco,2.1730131722126227e+21
San Francisco,2.30339396254538e+21
